{"period": 12, "trainTestSplit": 60, "ts": [1.0, 0.99, 0.98, 0.97, 0.96, 0.95, -1.06, -1.07, -1.08, -1.09, -1.1, -1.11, 0.88, 0.87, 0.86, 0.85, 0.84, 0.83, -1.18, -1.19, -1.2, -1.21, -1.22, -1.23, 0.76, 0.75, 0.74, 0.73, 0.72, 0.71, -1.3, -1.31, -1.32, -1.33, -1.34, -1.35, 0.64, 0.63, 0.62, 0.61, 0.6, 0.59, -1.42, -1.43, -1.44, -1.45, -1.46, -1.47, 0.52, 0.51, 0.5, 0.49, 0.48, 0.47, -1.54, -1.55, -1.56, -1.57, -1.58, -1.5899999999999999, 1.0, 0.99, 0.98, 0.97, 0.96, 0.95, -1.06, -1.07, -1.08, -1.09, -1.1, -1.11, 0.88, 0.87, 0.86, 0.85, 0.84, 0.83, -1.18, -1.19, -1.2, -1.21, -1.22, -1.23, 0.76, 0.75, 0.74, 0.73, 0.72, 0.71, -1.3, -1.31, -1.32, -1.33, -1.34, -1.35, 0.64, 0.63, 0.62, 0.61, 0.6, 0.59, -1.42, -1.43, -1.44, -1.45, -1.46, -1.47, 0.52, 0.51, 0.5, 0.49, 0.48, 0.47, -1.54, -1.55, -1.56, -1.57, -1.58, -1.5899999999999999, 0.4, 0.39, 0.38, 0.37, 0.36, 0.35, 0.33999999999999997, -1.67, -1.6800000000000002, -1.69, -1.7000000000000002, -1.71, 0.28, 0.27, 0.26, 0.25, 0.24, 0.22999999999999998, -1.78, -1.79, -1.8, -1.81, -1.82, -1.83, 0.16000000000000003, 0.15000000000000002, 0.14, 0.13, 0.12, 0.10999999999999999, 0.09999999999999998, -1.9100000000000001, -1.92, -1.9300000000000002, -1.94, -1.9500000000000002, 0.040000000000000036, 0.030000000000000027, 0.020000000000000018, 0.010000000000000009, 0.0, -0.010000000000000009, -2.02, -2.0300000000000002, -2.04, -2.05, -2.06, -2.0700000000000003, -0.08000000000000007, -0.09000000000000008, -0.10000000000000009, -0.1100000000000001, -0.1200000000000001, -0.13000000000000012, -0.14000000000000012, -2.1500000000000004, -2.16, -2.17, -2.1799999999999997, -2.19, -0.19999999999999996, -0.20999999999999996, -0.21999999999999997, -0.22999999999999998, -0.24, -0.25, -2.26, -2.27, -2.2800000000000002, -2.29, -2.3, -2.31, -2.3200000000000003, -0.33000000000000007, -0.3400000000000001, -0.3500000000000001, -0.3600000000000001, -0.3700000000000001, -0.3800000000000001, -2.39, -2.4000000000000004, -2.41, -2.42, -2.4299999999999997, -0.43999999999999995, -0.44999999999999996, -0.45999999999999996, -0.47, -0.48, -0.49, -2.5, -2.51, -2.52, -2.5300000000000002, -2.54, -2.55, -0.56, -0.5700000000000001, -0.5800000000000001, -0.5900000000000001, -0.6000000000000001, -0.6100000000000001, -0.6200000000000001, -2.63, -2.64, -2.6500000000000004, -2.66, -2.67, -0.6799999999999999, -0.69, -0.7, -0.71, -0.72, -0.73, -2.74, -2.75, -2.76, -2.77, -2.7800000000000002, -2.79, -2.8, -0.81, -0.8200000000000001, -0.8300000000000001, -0.8400000000000001, -0.8500000000000001, -0.8600000000000001, -2.87, -2.88, -2.89, -2.9000000000000004, -2.91, -0.9199999999999999, -0.9299999999999999, -0.94, -0.95, -0.96, -0.97, -2.98, -2.99, -3.0, -3.0100000000000002, -3.02, -3.0300000000000002, -1.04, -1.0499999999999998, -1.06, -1.0699999999999998, -1.08, -1.0899999999999999, -1.1, -3.11, -3.12, -3.13, -3.14, -3.15, -1.1600000000000001, -1.17, -1.1800000000000002, -1.19, -1.2000000000000002, -1.21, -3.22, -3.23, -3.24, -3.25, -3.2600000000000002, -3.27, -3.2800000000000002, -1.29, -1.3000000000000003, -1.31, -1.3199999999999998, -1.33, -1.3399999999999999, -3.35, -3.36, -3.37, -3.38, -3.39, -1.4, -1.4100000000000001, -1.42, -1.4300000000000002, -1.44, -1.4500000000000002, -1.46, -3.47, -3.48, -3.49, -3.5, -3.5100000000000002, -1.52, -1.5300000000000002, -1.54, -1.5500000000000003, -1.56, -1.5699999999999998, -1.58, -3.59, -3.6, -3.61, -3.62, -3.63, -3.64, -1.65, -1.6600000000000001, -1.67, -1.6800000000000002, -1.69, -3.7, -3.71, -3.72, -3.73, -3.74, -3.75, -3.7600000000000002, -1.77, -1.7800000000000002, -1.79, -1.8000000000000003, -1.81, -3.82, -3.83, -3.84, -3.85, -3.86, -3.87, -1.88, -1.8900000000000001, -1.9, -1.9100000000000001, -1.92, -1.9300000000000002, -1.94, -3.95, -3.96, -3.97, -3.98, -3.99, -2.0, -2.0100000000000002, -2.02, -2.0300000000000002, -2.04, -2.0500000000000003, -2.06, -4.07, -4.08, -4.09, -4.1, -4.109999999999999, -2.12, -2.13, -2.14, -2.15, -2.16, -2.17, -4.18, -4.1899999999999995, -4.2, -4.21, -4.220000000000001, -4.23, -4.24, -2.25, -2.2600000000000002, -2.27, -2.2800000000000002, -2.29, -4.300000000000001, -4.3100000000000005, -4.32, -4.33, -4.34, -4.35, -2.36, -2.37, -2.38, -2.39, -2.4, -2.41, -2.42, -4.43, -4.4399999999999995, -4.45, -4.46, -4.470000000000001, -2.48, -2.49, -2.5, -2.5100000000000002, -2.52, -2.5300000000000002, -2.54, -4.550000000000001, -4.5600000000000005, -4.57, -4.58, -4.59, -4.6, -2.61, -2.62, -2.63, -2.64, -2.65, -4.66, -4.67, -4.68, -4.6899999999999995, -4.7, -4.71, -4.720000000000001, -2.73, -2.74, -2.75, -2.7600000000000002, -2.77, -4.78, -4.79, -4.800000000000001, -4.8100000000000005, -4.82, -4.83, -2.84, -2.85, -2.86, -2.87, -2.88, -2.89, -2.9, -4.91, -4.92, -4.93, -4.9399999999999995, -4.95, -2.96, -2.97, -2.98, -2.99, -3.0, -3.01, -3.0200000000000005, -5.03, -5.04, -5.05, -5.0600000000000005, -5.07, -3.08, -3.09, -3.0999999999999996, -3.1100000000000003, -3.12, -3.13, -5.14, -5.15, -5.16, -5.17, -5.18, -5.19, -5.2, -3.21, -3.2199999999999998, -3.2300000000000004, -3.24, -3.25, -5.26, -5.2700000000000005, -5.28, -5.29, -5.3, -5.3100000000000005, -3.3200000000000003, -3.33, -3.34, -3.3500000000000005, -3.3600000000000003, -3.37, -3.38, -5.39, -5.4, -5.41, -5.42, -5.43, -3.4400000000000004, -3.45, -3.46, -3.4699999999999998, -3.4800000000000004, -3.49, -3.5, -5.51, -5.5200000000000005, -5.53, -5.54, -5.55, -5.5600000000000005, -3.5700000000000003, -3.58, -3.59, -3.6000000000000005, -3.6100000000000003, -5.62, -5.63, -5.64, -5.65, -5.66, -5.67, -5.68, -3.6900000000000004, -3.7, -3.71, -3.7199999999999998, -3.7300000000000004, -5.74, -5.75, -5.76, -5.7700000000000005, -5.78, -5.79, -3.8, -3.8100000000000005, -3.8200000000000003, -3.83, -3.84, -3.8500000000000005, -3.8600000000000003, -5.87, -5.88, -5.89, -5.9, -5.91, -5.92, -3.9299999999999997, -3.9400000000000004, -3.95, -3.96, -3.9699999999999998, -5.98, -5.99, -6.0, -6.01, -6.0200000000000005, -6.03, -4.04, -4.05, -4.0600000000000005, -4.07, -4.08, -4.09, -6.1000000000000005, -6.11, -6.12, -6.13, -6.14, -6.15, -6.16, -4.17, -4.18, -4.19, -4.2, -4.21, -4.22, -6.23, -6.24, -6.25, -6.26, -6.2700000000000005, -6.28, -4.29, -4.3, -4.3100000000000005, -4.32, -4.33, -6.34, -6.3500000000000005, -6.36, -6.37, -6.38, -6.39, -4.4, -4.41, -4.42, -4.43, -4.44, -4.45, -4.46, -6.47, -6.48, -6.49, -6.5, -6.51, -6.5200000000000005, -4.53, -4.54, -4.55, -4.5600000000000005, -4.57, -4.58, -6.59, -6.6000000000000005, -6.61, -6.62, -6.63, -4.64, -4.65, -4.66, -4.67, -4.68, -4.69, -6.7, -6.71, -6.72, -6.73, -6.74, -6.75, -4.76, -4.7700000000000005, -4.78, -4.79, -4.8, -4.8100000000000005, -4.82, -6.83, -6.84, -6.8500000000000005, -6.86, -6.87, -6.88, -4.89, -4.9, -4.91, -4.92, -4.93, -6.94, -6.95, -6.96, -6.97, -6.98, -6.99, -5.0, -5.01, -5.0200000000000005, -5.03, -5.04, -5.05, -7.0600000000000005, -7.07, -7.08, -7.09, -7.1000000000000005, -7.11, -7.12, -5.13, -5.140000000000001, -5.15, -5.16, -5.17, -5.18, -7.19, -7.2, -7.21, -7.22, -7.23, -5.24, -5.25, -5.26, -5.2700000000000005, -5.28, -5.29, -7.3, -7.3100000000000005, -7.32, -7.33, -7.34, -7.3500000000000005, -5.36, -5.37, -5.38, -5.390000000000001, -5.4, -5.41, -5.42, -7.43, -7.44, -7.45, -7.46, -7.47, -7.48, -5.49, -5.5, -5.51, -5.5200000000000005, -5.53, -5.54, -7.55, -7.5600000000000005, -7.57, -7.58, -7.59, -5.6000000000000005, -5.61, -5.62, -5.63, -5.640000000000001, -5.65, -7.66, -7.67, -7.68, -7.69, -7.7, -7.71, -5.72, -5.73, -5.74, -5.75, -5.76, -5.7700000000000005, -5.78, -7.79, -7.8, -7.8100000000000005, -7.82, -7.83, -7.84, -5.8500000000000005, -5.86, -5.87, -5.88, -5.890000000000001, -7.9, -7.91, -7.92, -7.93, -7.94, -7.95, -5.96, -5.97, -5.98, -5.99, -6.0, -6.01, -8.02, -8.030000000000001, -8.04, -8.05, -8.06, -8.07, -8.08, -6.09, -6.1000000000000005, -6.11, -6.12, -6.13, -6.140000000000001, -8.15, -8.16, -8.17, -8.18, -8.190000000000001, -8.2, -6.21, -6.22, -6.23, -6.24, -6.25, -8.26, -8.27, -8.280000000000001, -8.29, -8.3, -8.31, -6.32, -6.33, -6.34, -6.3500000000000005, -6.36, -6.37, -6.38, 